{
  "expo": {
    "splash": {
      "backgroundColor": "#ffffff"
    }
  }
}
    },
    "assetBundlePatterns": [
      "**/*"
    ],
    "ios": {
      "bundleIdentifier": "com.aura.ai.mobile",
      "buildNumber": "1",
      "supportsTablet": true,
      "infoPlist": {
        "NSCameraUsageDescription": "This app uses camera for document scanning and image capture",
        "NSMicrophoneUsageDescription": "This app uses microphone for voice commands and audio processing",
        "NSLocationWhenInUseUsageDescription": "This app uses location for location-based automation and services"
      }
    },
    "android": {
      "package": "com.aura.ai.mobile",
      "versionCode": 1,
      "adaptiveIcon": {
        "foregroundImage": "./assets/adaptive-icon.png",
        "backgroundColor": "#6200EE"
      },
      "permissions": [
        "CAMERA",
        "RECORD_AUDIO",
        "ACCESS_FINE_LOCATION",
        "ACCESS_COARSE_LOCATION",
        "VIBRATE",
        "RECEIVE_BOOT_COMPLETED",
        "INTERNET",
        "ACCESS_NETWORK_STATE"
      ]
    },
    "web": {
      "favicon": "./assets/favicon.png"
    },
    "scheme": "aura-ai",
    "extra": {
      "eas": {
        "projectId": "your-project-id-here"
      }
    }
  }
}
